Student,Session-01,Session-02,Session-03,Session-04,Session-05,Session-06,Session-07,Session-08,Session-09,Session-10,Session-11,Session-12,Session-13,Session-14,Session-15,Session-16,Session-17,Session-18,Session-19,Session-20,Submission %
nguyen-hoang-minh-triet,✅ On time,✅ On time,✅ On time,✅ On time,✅ On time,✅ On time,✅ On time,✅ On time,✅ On time,⚪ N/A,⚪ N/A,⚪ N/A,⚪ N/A,⚪ N/A,❌ Not yet,⚪ N/A,❌ Not yet,❌ Not yet,⚪ N/A,⚪ N/A,75.0%
nguyen-the-anh-1,✅ On time,✅ On time,✅ On time,✅ On time,✅ On time,✅ On time,✅ On time,✅ On time,✅ On time,⚪ N/A,⚪ N/A,⚪ N/A,⚪ N/A,⚪ N/A,❌ Not yet,⚪ N/A,❌ Not yet,❌ Not yet,⚪ N/A,⚪ N/A,75.0%
tran-danh-quang,✅ On time,✅ On time,✅ On time,✅ On time,✅ On time,✅ On time,✅ On time,✅ On time,✅ On time,⚪ N/A,⚪ N/A,⚪ N/A,⚪ N/A,⚪ N/A,❌ Not yet,⚪ N/A,❌ Not yet,❌ Not yet,⚪ N/A,⚪ N/A,75.0%
do-trong-phung,✅ On time,✅ On time,✅ On time,✅ On time,✅ On time,✅ On time,⏰ Late,⏰ Late,✅ On time,⚪ N/A,⚪ N/A,⚪ N/A,⚪ N/A,⚪ N/A,❌ Not yet,⚪ N/A,❌ Not yet,❌ Not yet,⚪ N/A,⚪ N/A,66.7%
dao-minh-duc,✅ On time,⏰ Late,✅ On time,⏰ Late,✅ On time,⏰ Late,⏰ Late,✅ On time,✅ On time,⚪ N/A,⚪ N/A,⚪ N/A,⚪ N/A,⚪ N/A,❌ Not yet,⚪ N/A,❌ Not yet,❌ Not yet,⚪ N/A,⚪ N/A,58.3%
le-phuc-tri,✅ On time,❌ Not yet,✅ On time,✅ On time,⏰ Late,⏰ Late,✅ On time,✅ On time,✅ On time,⚪ N/A,⚪ N/A,⚪ N/A,⚪ N/A,⚪ N/A,❌ Not yet,⚪ N/A,❌ Not yet,❌ Not yet,⚪ N/A,⚪ N/A,58.3%
tang-van-long,✅ On time,✅ On time,✅ On time,⏰ Late,⏰ Late,⏰ Late,✅ On time,⏰ Late,✅ On time,⚪ N/A,⚪ N/A,⚪ N/A,⚪ N/A,⚪ N/A,❌ Not yet,⚪ N/A,❌ Not yet,❌ Not yet,⚪ N/A,⚪ N/A,58.3%
le-quang-duy,✅ On time,✅ On time,✅ On time,✅ On time,✅ On time,✅ On time,❌ Not yet,❌ Not yet,❌ Not yet,⚪ N/A,⚪ N/A,⚪ N/A,⚪ N/A,⚪ N/A,❌ Not yet,⚪ N/A,❌ Not yet,❌ Not yet,⚪ N/A,⚪ N/A,50.0%
nguyen-quoc-thinh,✅ On time,✅ On time,✅ On time,❌ Not yet,✅ On time,✅ On time,❌ Not yet,❌ Not yet,❌ Not yet,⚪ N/A,⚪ N/A,⚪ N/A,⚪ N/A,⚪ N/A,❌ Not yet,⚪ N/A,❌ Not yet,❌ Not yet,⚪ N/A,⚪ N/A,41.7%
dang-duc-hieu,⏰ Late,⏰ Late,✅ On time,❌ Not yet,⏰ Late,⏰ Late,⏰ Late,⏰ Late,❌ Not yet,⚪ N/A,⚪ N/A,⚪ N/A,⚪ N/A,⚪ N/A,❌ Not yet,⚪ N/A,❌ Not yet,❌ Not yet,⚪ N/A,⚪ N/A,33.3%
doan-cong-danh,✅ On time,❌ Not yet,❌ Not yet,❌ Not yet,❌ Not yet,❌ Not yet,❌ Not yet,❌ Not yet,❌ Not yet,⚪ N/A,⚪ N/A,⚪ N/A,⚪ N/A,⚪ N/A,❌ Not yet,⚪ N/A,❌ Not yet,❌ Not yet,⚪ N/A,⚪ N/A,8.3%
nguyen-tan-dat,✅ On time,❌ Not yet,❌ Not yet,❌ Not yet,❌ Not yet,❌ Not yet,❌ Not yet,❌ Not yet,❌ Not yet,⚪ N/A,⚪ N/A,⚪ N/A,⚪ N/A,⚪ N/A,❌ Not yet,⚪ N/A,❌ Not yet,❌ Not yet,⚪ N/A,⚪ N/A,8.3%
nguyen-the-anh-2,⏰ Late,❌ Not yet,❌ Not yet,❌ Not yet,❌ Not yet,❌ Not yet,❌ Not yet,❌ Not yet,❌ Not yet,⚪ N/A,⚪ N/A,⚪ N/A,⚪ N/A,⚪ N/A,❌ Not yet,⚪ N/A,❌ Not yet,❌ Not yet,⚪ N/A,⚪ N/A,4.2%
bui-ky-anh,❌ Not yet,❌ Not yet,❌ Not yet,❌ Not yet,❌ Not yet,❌ Not yet,❌ Not yet,❌ Not yet,❌ Not yet,⚪ N/A,⚪ N/A,⚪ N/A,⚪ N/A,⚪ N/A,❌ Not yet,⚪ N/A,❌ Not yet,❌ Not yet,⚪ N/A,⚪ N/A,0.0%
dinh-van-hau,❌ Not yet,❌ Not yet,❌ Not yet,❌ Not yet,❌ Not yet,❌ Not yet,❌ Not yet,❌ Not yet,❌ Not yet,⚪ N/A,⚪ N/A,⚪ N/A,⚪ N/A,⚪ N/A,❌ Not yet,⚪ N/A,❌ Not yet,❌ Not yet,⚪ N/A,⚪ N/A,0.0%
nguyen-dinh-tuan-minh,❌ Not yet,❌ Not yet,❌ Not yet,❌ Not yet,❌ Not yet,❌ Not yet,❌ Not yet,❌ Not yet,❌ Not yet,⚪ N/A,⚪ N/A,⚪ N/A,⚪ N/A,⚪ N/A,❌ Not yet,⚪ N/A,❌ Not yet,❌ Not yet,⚪ N/A,⚪ N/A,0.0%
nguyen-hoang-minh,❌ Not yet,❌ Not yet,❌ Not yet,❌ Not yet,❌ Not yet,❌ Not yet,❌ Not yet,❌ Not yet,❌ Not yet,⚪ N/A,⚪ N/A,⚪ N/A,⚪ N/A,⚪ N/A,❌ Not yet,⚪ N/A,❌ Not yet,❌ Not yet,⚪ N/A,⚪ N/A,0.0%
nguyen-quang-tam,❌ Not yet,❌ Not yet,❌ Not yet,❌ Not yet,❌ Not yet,❌ Not yet,❌ Not yet,❌ Not yet,❌ Not yet,⚪ N/A,⚪ N/A,⚪ N/A,⚪ N/A,⚪ N/A,❌ Not yet,⚪ N/A,❌ Not yet,❌ Not yet,⚪ N/A,⚪ N/A,0.0%
nguyen-quoc-viet,❌ Not yet,❌ Not yet,❌ Not yet,❌ Not yet,❌ Not yet,❌ Not yet,❌ Not yet,❌ Not yet,❌ Not yet,⚪ N/A,⚪ N/A,⚪ N/A,⚪ N/A,⚪ N/A,❌ Not yet,⚪ N/A,❌ Not yet,❌ Not yet,⚪ N/A,⚪ N/A,0.0%
tran-dinh-tien,❌ Not yet,❌ Not yet,❌ Not yet,❌ Not yet,❌ Not yet,❌ Not yet,❌ Not yet,❌ Not yet,❌ Not yet,⚪ N/A,⚪ N/A,⚪ N/A,⚪ N/A,⚪ N/A,❌ Not yet,⚪ N/A,❌ Not yet,❌ Not yet,⚪ N/A,⚪ N/A,0.0%
