Student,Session-01,Session-02,Session-03,Session-04,Session-05,Session-06,Session-07,Session-08,Session-09,Session-10,Session-11,Session-12,Session-13,Session-14,Session-15,Session-16,Submission %
tran-doan-trung,✅ On time,✅ On time,❌ Not yet,⚪ N/A,❌ Not yet,❌ Not yet,❌ Not yet,❌ Not yet,❌ Not yet,❌ Not yet,❌ Not yet,❌ Not yet,❌ Not yet,❌ Not yet,⚪ N/A,⚪ N/A,15.4%
dang-phan-cong-dinh,❌ Not yet,✅ On time,❌ Not yet,⚪ N/A,❌ Not yet,❌ Not yet,❌ Not yet,❌ Not yet,❌ Not yet,❌ Not yet,❌ Not yet,❌ Not yet,❌ Not yet,❌ Not yet,⚪ N/A,⚪ N/A,7.7%
giang-nam-nguyen,❌ Not yet,✅ On time,❌ Not yet,⚪ N/A,❌ Not yet,❌ Not yet,❌ Not yet,❌ Not yet,❌ Not yet,❌ Not yet,❌ Not yet,❌ Not yet,❌ Not yet,❌ Not yet,⚪ N/A,⚪ N/A,7.7%
nguyen-thanh-son,❌ Not yet,✅ On time,❌ Not yet,⚪ N/A,❌ Not yet,❌ Not yet,❌ Not yet,❌ Not yet,❌ Not yet,❌ Not yet,❌ Not yet,❌ Not yet,❌ Not yet,❌ Not yet,⚪ N/A,⚪ N/A,7.7%
bui-van-linh,⏰ Late,❌ Not yet,❌ Not yet,⚪ N/A,❌ Not yet,❌ Not yet,❌ Not yet,❌ Not yet,❌ Not yet,❌ Not yet,❌ Not yet,❌ Not yet,❌ Not yet,❌ Not yet,⚪ N/A,⚪ N/A,3.8%
le-hoang-trung,❌ Not yet,❌ Not yet,❌ Not yet,⚪ N/A,❌ Not yet,❌ Not yet,❌ Not yet,❌ Not yet,❌ Not yet,❌ Not yet,❌ Not yet,❌ Not yet,❌ Not yet,❌ Not yet,⚪ N/A,⚪ N/A,0.0%
le-van-kiet,❌ Not yet,❌ Not yet,❌ Not yet,⚪ N/A,❌ Not yet,❌ Not yet,❌ Not yet,❌ Not yet,❌ Not yet,❌ Not yet,❌ Not yet,❌ Not yet,❌ Not yet,❌ Not yet,⚪ N/A,⚪ N/A,0.0%
nguyen-bao-phien,❌ Not yet,❌ Not yet,❌ Not yet,⚪ N/A,❌ Not yet,❌ Not yet,❌ Not yet,❌ Not yet,❌ Not yet,❌ Not yet,❌ Not yet,❌ Not yet,❌ Not yet,❌ Not yet,⚪ N/A,⚪ N/A,0.0%
nguyen-dang-thanh,❌ Not yet,❌ Not yet,❌ Not yet,⚪ N/A,❌ Not yet,❌ Not yet,❌ Not yet,❌ Not yet,❌ Not yet,❌ Not yet,❌ Not yet,❌ Not yet,❌ Not yet,❌ Not yet,⚪ N/A,⚪ N/A,0.0%
nguyen-phuoc-luan,❌ Not yet,❌ Not yet,❌ Not yet,⚪ N/A,❌ Not yet,❌ Not yet,❌ Not yet,❌ Not yet,❌ Not yet,❌ Not yet,❌ Not yet,❌ Not yet,❌ Not yet,❌ Not yet,⚪ N/A,⚪ N/A,0.0%
nguyen-quoc-thinh,❌ Not yet,❌ Not yet,❌ Not yet,⚪ N/A,❌ Not yet,❌ Not yet,❌ Not yet,❌ Not yet,❌ Not yet,❌ Not yet,❌ Not yet,❌ Not yet,❌ Not yet,❌ Not yet,⚪ N/A,⚪ N/A,0.0%
nguyen-quoc-viet,❌ Not yet,❌ Not yet,❌ Not yet,⚪ N/A,❌ Not yet,❌ Not yet,❌ Not yet,❌ Not yet,❌ Not yet,❌ Not yet,❌ Not yet,❌ Not yet,❌ Not yet,❌ Not yet,⚪ N/A,⚪ N/A,0.0%
nguyen-thai-hoc,❌ Not yet,❌ Not yet,❌ Not yet,⚪ N/A,❌ Not yet,❌ Not yet,❌ Not yet,❌ Not yet,❌ Not yet,❌ Not yet,❌ Not yet,❌ Not yet,❌ Not yet,❌ Not yet,⚪ N/A,⚪ N/A,0.0%
nguyen-van-thanh,❌ Not yet,❌ Not yet,❌ Not yet,⚪ N/A,❌ Not yet,❌ Not yet,❌ Not yet,❌ Not yet,❌ Not yet,❌ Not yet,❌ Not yet,❌ Not yet,❌ Not yet,❌ Not yet,⚪ N/A,⚪ N/A,0.0%
on-tan-loc,❌ Not yet,❌ Not yet,❌ Not yet,⚪ N/A,❌ Not yet,❌ Not yet,❌ Not yet,❌ Not yet,❌ Not yet,❌ Not yet,❌ Not yet,❌ Not yet,❌ Not yet,❌ Not yet,⚪ N/A,⚪ N/A,0.0%
pham-binh-thang,❌ Not yet,❌ Not yet,❌ Not yet,⚪ N/A,❌ Not yet,❌ Not yet,❌ Not yet,❌ Not yet,❌ Not yet,❌ Not yet,❌ Not yet,❌ Not yet,❌ Not yet,❌ Not yet,⚪ N/A,⚪ N/A,0.0%
pham-tien-trinh,❌ Not yet,❌ Not yet,❌ Not yet,⚪ N/A,❌ Not yet,❌ Not yet,❌ Not yet,❌ Not yet,❌ Not yet,❌ Not yet,❌ Not yet,❌ Not yet,❌ Not yet,❌ Not yet,⚪ N/A,⚪ N/A,0.0%
tran-minh-hoang,❌ Not yet,❌ Not yet,❌ Not yet,⚪ N/A,❌ Not yet,❌ Not yet,❌ Not yet,❌ Not yet,❌ Not yet,❌ Not yet,❌ Not yet,❌ Not yet,❌ Not yet,❌ Not yet,⚪ N/A,⚪ N/A,0.0%
van-cong-toan,❌ Not yet,❌ Not yet,❌ Not yet,⚪ N/A,❌ Not yet,❌ Not yet,❌ Not yet,❌ Not yet,❌ Not yet,❌ Not yet,❌ Not yet,❌ Not yet,❌ Not yet,❌ Not yet,⚪ N/A,⚪ N/A,0.0%
