Student,Session-01,Session-02,Session-03,Session-04,Session-05,Session-06,Session-07,Session-08,Session-09,Session-10,Submission %
phung-chi-minh-quang,⚪ N/A,⏰ Late,⏰ Late,⏰ Late,❌ Not yet,❌ Not yet,❌ Not yet,⚪ N/A,❌ Not yet,❌ Not yet,37.5%
nguyen-cuong,⚪ N/A,⏰ Late,❌ Not yet,❌ Not yet,❌ Not yet,❌ Not yet,❌ Not yet,⚪ N/A,❌ Not yet,❌ Not yet,12.5%
dinh-thao,⚪ N/A,❌ Not yet,❌ Not yet,❌ Not yet,❌ Not yet,❌ Not yet,❌ Not yet,⚪ N/A,❌ Not yet,❌ Not yet,0.0%
do-dinh-van,⚪ N/A,❌ Not yet,❌ Not yet,❌ Not yet,❌ Not yet,❌ Not yet,❌ Not yet,⚪ N/A,❌ Not yet,❌ Not yet,0.0%
do-hoang-thien-phuoc,⚪ N/A,❌ Not yet,❌ Not yet,❌ Not yet,❌ Not yet,❌ Not yet,❌ Not yet,⚪ N/A,❌ Not yet,❌ Not yet,0.0%
do-nguyen-hoang-an,⚪ N/A,❌ Not yet,❌ Not yet,❌ Not yet,❌ Not yet,❌ Not yet,❌ Not yet,⚪ N/A,❌ Not yet,❌ Not yet,0.0%
hoang-trong-tam,⚪ N/A,❌ Not yet,❌ Not yet,❌ Not yet,❌ Not yet,❌ Not yet,❌ Not yet,⚪ N/A,❌ Not yet,❌ Not yet,0.0%
nguyen-hoang-ngoc-hai,⚪ N/A,❌ Not yet,❌ Not yet,❌ Not yet,❌ Not yet,❌ Not yet,❌ Not yet,⚪ N/A,❌ Not yet,❌ Not yet,0.0%
nguyen-minh-chien,⚪ N/A,❌ Not yet,❌ Not yet,❌ Not yet,❌ Not yet,❌ Not yet,❌ Not yet,⚪ N/A,❌ Not yet,❌ Not yet,0.0%
nguyen-quoc-viet,⚪ N/A,❌ Not yet,❌ Not yet,❌ Not yet,❌ Not yet,❌ Not yet,❌ Not yet,⚪ N/A,❌ Not yet,❌ Not yet,0.0%
tran-anh-sang,⚪ N/A,❌ Not yet,❌ Not yet,❌ Not yet,❌ Not yet,❌ Not yet,❌ Not yet,⚪ N/A,❌ Not yet,❌ Not yet,0.0%
tran-gia-bao,⚪ N/A,❌ Not yet,❌ Not yet,❌ Not yet,❌ Not yet,❌ Not yet,❌ Not yet,⚪ N/A,❌ Not yet,❌ Not yet,0.0%
vu-thanh-tai,⚪ N/A,❌ Not yet,❌ Not yet,❌ Not yet,❌ Not yet,❌ Not yet,❌ Not yet,⚪ N/A,❌ Not yet,❌ Not yet,0.0%
