Student,Session-01,Session-02,Session-03,Session-04,Session-05,Session-06,Session-07,Session-08,Session-09,Session-10,Session-11,Session-12,Session-13,Session-14,Session-15,Session-16,Session-17,Session-18,Submission %
nguyen-phuc-thinh,⚪ N/A,⚪ N/A,✅ On time,✅ On time,✅ On time,✅ On time,✅ On time,⚪ N/A,⚪ N/A,✅ On time,✅ On time,❌ Not yet,❌ Not yet,⚪ N/A,⚪ N/A,⚪ N/A,⚪ N/A,⚪ N/A,77.8%
tang-van-long,⚪ N/A,⚪ N/A,⏰ Late,⏰ Late,⏰ Late,✅ On time,⏰ Late,⚪ N/A,⚪ N/A,✅ On time,✅ On time,✅ On time,❌ Not yet,⚪ N/A,⚪ N/A,⚪ N/A,⚪ N/A,⚪ N/A,66.7%
do-trong-phung,⚪ N/A,⚪ N/A,⏰ Late,⏰ Late,✅ On time,✅ On time,⏰ Late,⚪ N/A,⚪ N/A,✅ On time,✅ On time,❌ Not yet,❌ Not yet,⚪ N/A,⚪ N/A,⚪ N/A,⚪ N/A,⚪ N/A,61.1%
hoang-nhat-huy,⚪ N/A,⚪ N/A,✅ On time,✅ On time,✅ On time,✅ On time,⏰ Late,⚪ N/A,⚪ N/A,❌ Not yet,❌ Not yet,❌ Not yet,❌ Not yet,⚪ N/A,⚪ N/A,⚪ N/A,⚪ N/A,⚪ N/A,50.0%
dang-phan-cong-dinh,⚪ N/A,⚪ N/A,✅ On time,✅ On time,✅ On time,✅ On time,❌ Not yet,⚪ N/A,⚪ N/A,❌ Not yet,❌ Not yet,❌ Not yet,❌ Not yet,⚪ N/A,⚪ N/A,⚪ N/A,⚪ N/A,⚪ N/A,44.4%
le-quang-duy,⚪ N/A,⚪ N/A,✅ On time,✅ On time,✅ On time,✅ On time,❌ Not yet,⚪ N/A,⚪ N/A,❌ Not yet,❌ Not yet,❌ Not yet,❌ Not yet,⚪ N/A,⚪ N/A,⚪ N/A,⚪ N/A,⚪ N/A,44.4%
nguyen-anh-duong,⚪ N/A,⚪ N/A,❌ Not yet,❌ Not yet,⏰ Late,❌ Not yet,⏰ Late,⚪ N/A,⚪ N/A,⏰ Late,⏰ Late,❌ Not yet,❌ Not yet,⚪ N/A,⚪ N/A,⚪ N/A,⚪ N/A,⚪ N/A,22.2%
bui-ky-anh,⚪ N/A,⚪ N/A,⏰ Late,❌ Not yet,❌ Not yet,❌ Not yet,❌ Not yet,⚪ N/A,⚪ N/A,❌ Not yet,❌ Not yet,❌ Not yet,❌ Not yet,⚪ N/A,⚪ N/A,⚪ N/A,⚪ N/A,⚪ N/A,5.6%
on-tan-loc,⚪ N/A,⚪ N/A,❌ Not yet,❌ Not yet,❌ Not yet,⏰ Late,❌ Not yet,⚪ N/A,⚪ N/A,❌ Not yet,❌ Not yet,❌ Not yet,❌ Not yet,⚪ N/A,⚪ N/A,⚪ N/A,⚪ N/A,⚪ N/A,5.6%
dinh-van-hau,⚪ N/A,⚪ N/A,❌ Not yet,❌ Not yet,❌ Not yet,❌ Not yet,❌ Not yet,⚪ N/A,⚪ N/A,❌ Not yet,❌ Not yet,❌ Not yet,❌ Not yet,⚪ N/A,⚪ N/A,⚪ N/A,⚪ N/A,⚪ N/A,0.0%
le-hoang-trung,⚪ N/A,⚪ N/A,❌ Not yet,❌ Not yet,❌ Not yet,❌ Not yet,❌ Not yet,⚪ N/A,⚪ N/A,❌ Not yet,❌ Not yet,❌ Not yet,❌ Not yet,⚪ N/A,⚪ N/A,⚪ N/A,⚪ N/A,⚪ N/A,0.0%
le-manh-hiep,⚪ N/A,⚪ N/A,❌ Not yet,❌ Not yet,❌ Not yet,❌ Not yet,❌ Not yet,⚪ N/A,⚪ N/A,❌ Not yet,❌ Not yet,❌ Not yet,❌ Not yet,⚪ N/A,⚪ N/A,⚪ N/A,⚪ N/A,⚪ N/A,0.0%
nguyen-cuong,⚪ N/A,⚪ N/A,❌ Not yet,❌ Not yet,❌ Not yet,❌ Not yet,❌ Not yet,⚪ N/A,⚪ N/A,❌ Not yet,❌ Not yet,❌ Not yet,❌ Not yet,⚪ N/A,⚪ N/A,⚪ N/A,⚪ N/A,⚪ N/A,0.0%
nguyen-khac-hung,⚪ N/A,⚪ N/A,❌ Not yet,❌ Not yet,❌ Not yet,❌ Not yet,❌ Not yet,⚪ N/A,⚪ N/A,❌ Not yet,❌ Not yet,❌ Not yet,❌ Not yet,⚪ N/A,⚪ N/A,⚪ N/A,⚪ N/A,⚪ N/A,0.0%
nguyen-phuoc-luan,⚪ N/A,⚪ N/A,❌ Not yet,❌ Not yet,❌ Not yet,❌ Not yet,❌ Not yet,⚪ N/A,⚪ N/A,❌ Not yet,❌ Not yet,❌ Not yet,❌ Not yet,⚪ N/A,⚪ N/A,⚪ N/A,⚪ N/A,⚪ N/A,0.0%
nguyen-thai-hoc,⚪ N/A,⚪ N/A,❌ Not yet,❌ Not yet,❌ Not yet,❌ Not yet,❌ Not yet,⚪ N/A,⚪ N/A,❌ Not yet,❌ Not yet,❌ Not yet,❌ Not yet,⚪ N/A,⚪ N/A,⚪ N/A,⚪ N/A,⚪ N/A,0.0%
nguyen-the-anh-2,⚪ N/A,⚪ N/A,❌ Not yet,❌ Not yet,❌ Not yet,❌ Not yet,❌ Not yet,⚪ N/A,⚪ N/A,❌ Not yet,❌ Not yet,❌ Not yet,❌ Not yet,⚪ N/A,⚪ N/A,⚪ N/A,⚪ N/A,⚪ N/A,0.0%
ninh-phat,⚪ N/A,⚪ N/A,❌ Not yet,❌ Not yet,❌ Not yet,❌ Not yet,❌ Not yet,⚪ N/A,⚪ N/A,❌ Not yet,❌ Not yet,❌ Not yet,❌ Not yet,⚪ N/A,⚪ N/A,⚪ N/A,⚪ N/A,⚪ N/A,0.0%
van-cong-toan,⚪ N/A,⚪ N/A,❌ Not yet,❌ Not yet,❌ Not yet,❌ Not yet,❌ Not yet,⚪ N/A,⚪ N/A,❌ Not yet,❌ Not yet,❌ Not yet,❌ Not yet,⚪ N/A,⚪ N/A,⚪ N/A,⚪ N/A,⚪ N/A,0.0%
